{"cameraMode":{"drawMode":0,"name":"Shaded","section":"Shading Mode"},"sceneLighting":false,"audioPlay":false,"sceneViewState":{"m_AlwaysRefresh":false,"showFog":true,"showSkybox":false,"showFlares":true,"showImageEffects":true,"showParticleSystems":true,"showVisualEffectGraphs":true,"m_FxEnabled":true},"in2DMode":false,"pivot":{"x":-1.9754514694213868,"y":3.2821946144104006,"z":-0.09712600708007813},"rotation":{"x":-0.11981265246868134,"y":-0.8645465970039368,"z":0.24563023447990418,"w":-0.4217911660671234},"size":9.312894821166993,"orthographic":false}